customer_id,name,email,contact_number
1,Michael Norton,jordan08@example.net,763-895-9539x469
2,Nicole Hanson,wolson@example.org,499-209-2626
3,Matthew Howard,fbell@example.org,697-331-6809x6139
4,Lisa Hill,angelahughes@example.org,472.687.0966
5,Kenneth Bridges,figueroaerin@example.com,898.922.7284x0819
6,Brian Sandoval,bscott@example.net,001-682-850-9370x79705
7,Jonathan Osborn,william63@example.org,(354)202-1694x92650
8,Gina Blevins,dennisjones@example.org,+1-555-693-4286
9,Anne Mccullough,sanchezjason@example.com,883.581.2826x33033
10,Stephen Castillo,frusso@example.com,352.704.6348
11,Donna Shields,zhall@example.org,251.538.3714x156
12,Brian Adams,jwhite@example.net,607.788.5493x9870
13,Jason Johnson,jennifer56@example.net,759-219-1958x5627
14,Jason Carpenter,harringtonbrian@example.net,969.337.6151x230
15,Isabella Morrison,karen98@example.net,313.686.2803
16,Emily Spencer,melanie84@example.com,379.380.3396x353
17,Michael Allen,georgeliu@example.net,682.968.0779
18,Darren Holland,qhenderson@example.net,248.432.5128
19,Dawn Clark,jasonkennedy@example.com,538.351.7609
20,Richard Juarez,weberkristina@example.net,604.696.4096x36813
21,Danielle Garcia,kperez@example.net,5913493344
22,Dr. Nicholas Cantrell,deborahmiller@example.net,950.397.7385x433
23,Curtis Cox,michellekelly@example.org,254.677.7438x57822
24,Emily Thompson,melindajackson@example.org,(965)454-4897
25,Ashley Sexton,yburns@example.com,226.727.8568x12224
26,Ryan Huff,mendezthomas@example.org,001-961-237-7780
27,Lauren Aguilar,walkerroberto@example.net,001-406-972-6766x8627
28,Laurie Tran,tammy73@example.net,496.969.7981x30605
29,Peter Webb,diazdavid@example.com,(659)427-9922
30,Steven Thomas,fullermark@example.net,5184017667
31,Brandon Berry,willislynn@example.com,001-418-691-7201x2917
32,Erik Harding,maryholden@example.net,(860)989-8416x59155
33,Diana Wright,shelley68@example.net,240.447.4522x3757
34,Robert Alvarado,markchen@example.com,001-431-702-7483x867
35,Erin Williams,emays@example.com,+1-775-301-3645x793
36,Jill Harris,davidmiller@example.net,+1-934-353-2215x8801
37,Paige Bennett,travismayer@example.org,001-280-309-1075
38,Michele Shannon,acruz@example.org,460-412-0717x72642
39,Stacy Rice,tracycummings@example.com,+1-966-378-1371
40,Sean Hall,larry22@example.com,406-865-8646x401
41,Jasmin Owens,wrightsteven@example.net,6402279288
42,Matthew Allen,laura96@example.com,203-900-0494x53784
43,Amy Harris,nmason@example.net,(295)727-0083x34452
44,Thomas Meyer,garciadanielle@example.net,398-865-2863
45,Sarah Allen,berickson@example.com,+1-754-774-1082
46,Sarah Reyes,andrewclark@example.com,8495141848
47,Eric White,scott81@example.com,+1-280-266-3643x70399
48,Shannon Williams,brandyanderson@example.com,+1-647-775-4743x54702
49,Robert Stewart II,chambersraymond@example.net,370.307.8734
50,Scott Crawford,dennishudson@example.org,732-706-5438
51,Julia Weber,ortizstephanie@example.com,8978348839
52,Maria Diaz PhD,andrea38@example.com,+1-797-628-9630x16683
53,Sherry Reese,kristin64@example.net,330.465.3311
54,Gabrielle Johnson,batesdaniel@example.org,+1-317-456-8947x941
55,Michele Cortez,johnstonjohn@example.net,7072106686
56,April Gonzales,uchandler@example.org,+1-218-937-5430x3133
57,Daniel Rios,davidunderwood@example.net,529-624-4320x25581
58,Matthew Jackson,randy34@example.org,+1-373-727-5841x31209
59,Jamie Mccall,paul09@example.com,(223)982-8962x76093
60,Sarah Anderson,lkeith@example.com,6399385805
