order_item_id,order_id,product_id,price_at_order,quantity,shipping_date
1,1,18,749.55,2,2026-08-12
2,2,3,751.31,3,2026-02-27
3,2,27,422.01,4,2026-03-10
4,2,7,104.67,2,2026-03-03
5,3,18,749.55,3,2026-10-07
6,3,18,749.55,4,2026-09-24
7,3,14,53.54,2,2026-10-08
8,4,32,705.54,2,2026-06-16
9,4,3,751.31,1,2026-06-22
10,4,38,90.4,1,2026-06-08
11,4,6,323.12,3,2026-06-29
12,5,10,13.97,1,2026-08-15
13,5,28,418.16,1,2026-07-23
14,5,27,422.01,4,2026-08-08
15,5,24,452.76,1,2026-08-03
16,6,8,163.5,1,2026-05-24
17,6,23,82.01,3,2026-05-14
18,6,32,705.54,2,2026-05-01
19,7,28,418.16,3,2026-05-23
20,7,26,573.66,2,2026-06-13
21,7,16,399.43,3,2026-06-09
22,7,28,418.16,4,2026-06-05
23,8,26,573.66,1,2026-03-16
24,9,30,992.42,2,2026-02-03
25,9,37,674.08,3,2026-01-28
26,9,12,195.4,3,2026-02-22
27,9,4,894.6,3,2026-02-07
28,10,7,104.67,4,2026-05-04
29,10,14,53.54,2,2026-05-01
30,11,14,53.54,1,2026-07-30
31,11,7,104.67,4,2026-08-12
32,11,14,53.54,2,2026-08-23
33,12,10,13.97,2,2026-04-25
34,12,14,53.54,4,2026-05-03
35,12,8,163.5,4,2026-04-30
36,13,26,573.66,1,2026-03-31
37,14,9,178.74,3,2026-07-17
38,14,17,878.56,4,2026-07-16
39,14,4,894.6,1,2026-07-19
40,14,27,422.01,4,2026-07-09
41,15,36,67.98,2,2026-03-31
42,15,20,445.67,2,2026-04-11
43,15,2,86.08,1,2026-04-12
44,15,22,860.99,4,2026-03-30
45,16,5,45.22,1,2026-07-03
46,16,9,178.74,3,2026-06-10
47,16,25,657.02,1,2026-06-11
48,16,16,399.43,3,2026-06-14
49,17,35,710.91,1,2026-04-19
50,17,6,323.12,3,2026-04-08
51,18,1,895.18,1,2026-05-24
52,19,34,89.08,4,2026-03-26
53,19,23,82.01,2,2026-04-13
54,19,30,992.42,1,2026-04-06
55,19,17,878.56,2,2026-04-09
56,20,39,701.37,2,2026-08-23
57,20,4,894.6,1,2026-09-03
58,20,5,45.22,3,2026-09-01
59,20,2,86.08,3,2026-09-08
60,21,3,751.31,1,2026-07-24
61,21,1,895.18,1,2026-07-19
62,22,1,895.18,1,2026-05-29
63,22,30,992.42,3,2026-06-04
64,23,35,710.91,2,2026-04-09
65,24,18,749.55,1,2026-02-16
66,24,14,53.54,4,2026-02-24
67,24,40,978.41,2,2026-03-05
68,25,16,399.43,2,2026-01-26
69,25,37,674.08,3,2026-02-08
70,25,37,674.08,3,2026-01-25
71,26,33,536.67,3,2026-06-16
72,26,3,751.31,2,2026-07-03
73,27,3,751.31,4,2026-02-25
74,27,6,323.12,1,2026-03-04
75,28,4,894.6,1,2026-03-24
76,29,10,13.97,3,2026-10-07
77,29,9,178.74,3,2026-10-02
78,29,6,323.12,3,2026-10-01
79,29,31,702.82,3,2026-10-12
80,30,21,139.18,3,2026-03-20
81,30,4,894.6,1,2026-03-25
82,30,9,178.74,3,2026-04-05
83,31,23,82.01,4,2026-03-22
84,31,18,749.55,3,2026-03-04
85,31,22,860.99,1,2026-03-14
86,32,14,53.54,4,2026-01-30
87,32,30,992.42,1,2026-01-15
88,33,18,749.55,4,2026-02-06
89,33,3,751.31,2,2026-02-07
90,33,28,418.16,3,2026-02-06
91,34,38,90.4,4,2026-06-28
92,34,5,45.22,1,2026-06-11
93,34,3,751.31,3,2026-06-07
94,34,2,86.08,2,2026-06-12
95,35,4,894.6,1,2026-06-20
96,35,31,702.82,3,2026-07-04
97,36,40,978.41,2,2026-04-11
98,36,36,67.98,4,2026-04-19
99,36,17,878.56,1,2026-04-08
100,36,6,323.12,4,2026-04-23
101,37,28,418.16,3,2026-01-23
102,38,40,978.41,3,2026-05-11
103,38,20,445.67,4,2026-05-27
104,39,25,657.02,1,2026-05-24
105,39,26,573.66,4,2026-05-23
106,39,18,749.55,1,2026-05-15
107,40,27,422.01,2,2026-03-23
108,40,28,418.16,1,2026-03-25
109,40,8,163.5,4,2026-03-08
110,40,20,445.67,1,2026-03-08
111,41,17,878.56,4,2026-07-17
112,41,31,702.82,2,2026-07-30
113,42,23,82.01,1,2026-09-28
114,42,24,452.76,3,2026-10-05
115,43,19,984.16,1,2026-08-31
116,43,3,751.31,2,2026-09-20
117,43,3,751.31,2,2026-09-09
118,43,38,90.4,1,2026-09-23
119,44,9,178.74,2,2026-04-20
120,45,13,114.69,2,2026-03-06
121,45,17,878.56,1,2026-03-03
122,45,27,422.01,1,2026-03-15
123,46,24,452.76,1,2026-01-27
124,47,18,749.55,2,2026-04-01
125,48,12,195.4,2,2026-09-04
126,48,38,90.4,3,2026-09-06
127,48,5,45.22,3,2026-08-22
128,48,33,536.67,4,2026-09-02
129,49,6,323.12,4,2026-10-02
130,49,39,701.37,4,2026-09-22
131,49,14,53.54,3,2026-09-12
132,50,29,575.2,2,2026-02-27
133,50,21,139.18,1,2026-02-17
134,51,11,686.79,1,2026-03-09
135,51,28,418.16,4,2026-03-20
136,51,28,418.16,3,2026-02-28
137,52,31,702.82,4,2026-04-01
138,52,23,82.01,1,2026-04-08
139,53,19,984.16,2,2026-05-30
140,53,20,445.67,1,2026-06-11
141,53,34,89.08,4,2026-06-20
142,53,6,323.12,1,2026-05-28
143,54,9,178.74,4,2026-06-10
144,54,9,178.74,1,2026-06-13
145,54,18,749.55,2,2026-06-05
146,55,15,575.14,3,2026-02-06
147,55,36,67.98,2,2026-02-06
148,55,9,178.74,3,2026-02-14
149,56,32,705.54,2,2026-06-13
150,56,30,992.42,2,2026-06-09
151,57,2,86.08,4,2026-07-02
152,57,27,422.01,4,2026-07-05
153,58,37,674.08,3,2026-05-24
154,58,21,139.18,1,2026-05-08
155,59,14,53.54,2,2026-10-14
156,59,30,992.42,4,2026-10-10
157,59,39,701.37,4,2026-10-06
158,60,25,657.02,1,2026-04-01
159,61,28,418.16,1,2026-05-20
160,62,28,418.16,3,2026-05-19
161,62,22,860.99,1,2026-05-16
162,62,37,674.08,4,2026-05-20
163,62,37,674.08,1,2026-04-27
164,63,17,878.56,2,2026-05-29
165,64,11,686.79,4,2026-09-30
166,64,7,104.67,3,2026-09-17
167,65,31,702.82,3,2026-04-11
168,66,25,657.02,3,2026-06-28
169,66,19,984.16,4,2026-07-19
170,66,6,323.12,1,2026-07-08
171,67,22,860.99,1,2026-06-19
172,67,25,657.02,1,2026-06-16
173,67,5,45.22,2,2026-06-08
174,67,6,323.12,1,2026-06-21
175,68,40,978.41,3,2026-03-28
176,69,9,178.74,3,2026-04-17
177,69,20,445.67,2,2026-04-03
178,70,11,686.79,2,2026-05-26
179,70,23,82.01,1,2026-05-17
180,70,12,195.4,2,2026-05-28
181,71,2,86.08,3,2026-03-13
182,71,25,657.02,1,2026-02-26
183,71,23,82.01,4,2026-02-28
184,71,24,452.76,2,2026-03-06
185,72,38,90.4,4,2026-03-27
186,72,30,992.42,4,2026-04-02
187,72,14,53.54,4,2026-04-02
188,73,9,178.74,3,2026-09-14
189,73,27,422.01,3,2026-10-04
190,73,17,878.56,2,2026-09-09
191,73,11,686.79,3,2026-09-22
192,74,29,575.2,2,2026-01-29
193,74,26,573.66,3,2026-02-21
194,74,39,701.37,3,2026-02-01
195,74,31,702.82,3,2026-02-01
196,75,7,104.67,4,2026-06-14
197,75,35,710.91,4,2026-06-25
198,75,2,86.08,1,2026-06-22
199,75,24,452.76,3,2026-06-28
200,76,35,710.91,2,2026-07-08
201,76,7,104.67,1,2026-07-17
202,76,29,575.2,2,2026-06-30
203,76,32,705.54,2,2026-07-07
204,77,35,710.91,3,2026-07-01
205,77,32,705.54,3,2026-06-16
206,77,35,710.91,3,2026-06-16
207,78,37,674.08,1,2026-04-03
208,78,14,53.54,4,2026-03-16
209,79,8,163.5,3,2026-05-29
210,80,4,894.6,1,2026-04-14
211,80,5,45.22,4,2026-04-15
212,80,11,686.79,2,2026-04-09
213,81,14,53.54,4,2026-10-08
214,81,19,984.16,2,2026-09-19
215,81,12,195.4,4,2026-09-15
216,82,2,86.08,2,2026-09-30
217,82,30,992.42,2,2026-10-21
218,83,3,751.31,1,2026-07-10
219,84,9,178.74,2,2026-06-10
220,84,9,178.74,4,2026-05-29
221,84,30,992.42,3,2026-06-03
222,84,38,90.4,3,2026-05-21
223,85,5,45.22,4,2026-02-07
224,85,34,89.08,3,2026-02-09
225,85,35,710.91,3,2026-01-30
226,85,32,705.54,2,2026-02-05
227,86,12,195.4,3,2026-10-11
228,86,31,702.82,1,2026-09-24
229,86,36,67.98,2,2026-10-09
230,87,35,710.91,4,2026-06-15
231,87,23,82.01,3,2026-06-17
232,87,9,178.74,2,2026-06-14
233,87,14,53.54,4,2026-06-14
234,88,15,575.14,1,2026-09-27
235,89,34,89.08,3,2026-02-05
236,90,12,195.4,3,2026-07-09
237,90,5,45.22,3,2026-07-14
238,90,1,895.18,2,2026-07-01
239,91,40,978.41,3,2026-03-14
240,91,5,45.22,4,2026-03-28
241,91,15,575.14,3,2026-04-03
242,92,37,674.08,1,2026-08-15
243,92,27,422.01,2,2026-09-09
244,92,16,399.43,4,2026-08-31
245,93,24,452.76,3,2026-03-18
246,93,26,573.66,4,2026-03-26
247,94,37,674.08,2,2026-05-16
248,94,18,749.55,4,2026-05-31
249,94,18,749.55,3,2026-05-18
250,94,25,657.02,2,2026-05-14
251,95,7,104.67,1,2026-01-28
252,95,36,67.98,4,2026-02-08
253,95,15,575.14,3,2026-02-18
254,95,16,399.43,4,2026-02-12
255,96,24,452.76,3,2026-02-16
256,96,37,674.08,2,2026-02-24
257,96,19,984.16,4,2026-02-10
258,96,28,418.16,3,2026-02-04
259,97,3,751.31,1,2026-06-27
260,98,8,163.5,2,2026-06-18
261,98,31,702.82,2,2026-06-02
262,98,9,178.74,2,2026-05-28
263,99,37,674.08,4,2026-02-04
264,99,5,45.22,1,2026-01-26
265,99,6,323.12,1,2026-01-28
266,99,33,536.67,1,2026-02-06
267,100,25,657.02,1,2026-02-18
268,100,35,710.91,2,2026-02-09
269,101,13,114.69,2,2026-02-07
270,101,29,575.2,4,2026-02-06
271,101,1,895.18,4,2026-02-03
272,101,14,53.54,1,2026-02-17
273,102,21,139.18,3,2026-06-05
274,102,36,67.98,3,2026-06-03
275,102,36,67.98,2,2026-05-28
276,102,17,878.56,4,2026-06-02
277,103,4,894.6,3,2026-09-21
278,103,27,422.01,4,2026-09-24
279,103,11,686.79,4,2026-10-09
280,104,28,418.16,3,2026-07-31
281,105,39,701.37,2,2026-03-27
282,105,24,452.76,3,2026-03-24
283,105,16,399.43,2,2026-04-04
284,105,21,139.18,4,2026-04-13
285,106,14,53.54,2,2026-04-29
286,106,11,686.79,4,2026-04-09
287,106,6,323.12,1,2026-04-10
288,106,3,751.31,3,2026-04-27
289,107,34,89.08,4,2026-06-11
290,107,11,686.79,2,2026-07-01
291,107,27,422.01,4,2026-06-14
292,107,31,702.82,4,2026-07-06
293,108,31,702.82,2,2026-05-06
294,108,33,536.67,2,2026-05-18
295,109,24,452.76,2,2026-01-23
296,109,29,575.2,2,2026-01-14
297,109,35,710.91,3,2026-01-28
298,109,31,702.82,4,2026-02-05
299,110,37,674.08,3,2026-06-19
300,110,6,323.12,3,2026-06-12
301,110,14,53.54,4,2026-06-14
302,110,6,323.12,3,2026-07-01
303,111,1,895.18,2,2026-10-10
304,111,21,139.18,2,2026-09-24
305,112,18,749.55,1,2026-09-13
306,112,16,399.43,3,2026-09-11
307,112,21,139.18,1,2026-09-09
308,112,36,67.98,2,2026-08-23
309,113,37,674.08,4,2026-02-05
310,114,2,86.08,3,2026-04-11
311,114,38,90.4,2,2026-03-24
312,114,5,45.22,1,2026-03-25
313,115,27,422.01,3,2026-05-29
314,116,13,114.69,4,2026-02-25
315,117,5,45.22,3,2026-02-24
316,118,30,992.42,1,2026-02-23
317,118,4,894.6,3,2026-02-12
318,118,28,418.16,2,2026-02-01
319,118,27,422.01,3,2026-02-11
320,119,39,701.37,3,2026-01-12
321,119,33,536.67,3,2026-01-16
322,120,28,418.16,1,2026-06-10
323,120,18,749.55,2,2026-06-09
324,120,34,89.08,4,2026-05-26
325,120,19,984.16,2,2026-05-29
326,121,34,89.08,2,2026-06-23
327,121,16,399.43,4,2026-06-22
328,122,10,13.97,2,2026-05-14
329,122,40,978.41,2,2026-05-08
330,122,33,536.67,1,2026-05-14
331,122,39,701.37,1,2026-05-09
332,123,24,452.76,2,2026-06-01
333,123,14,53.54,1,2026-05-31
334,124,5,45.22,3,2026-08-14
335,124,33,536.67,2,2026-08-13
336,124,37,674.08,3,2026-08-19
337,125,33,536.67,4,2026-03-28
338,125,38,90.4,2,2026-04-13
339,125,28,418.16,4,2026-04-09
340,126,5,45.22,4,2026-05-13
341,126,4,894.6,4,2026-05-12
342,127,39,701.37,1,2026-02-03
343,127,8,163.5,2,2026-02-16
344,127,28,418.16,1,2026-02-06
345,128,16,399.43,1,2026-05-23
346,128,2,86.08,3,2026-05-14
347,129,30,992.42,3,2026-04-04
348,129,29,575.2,4,2026-03-23
349,129,37,674.08,1,2026-04-16
350,129,26,573.66,1,2026-03-28
351,130,10,13.97,1,2026-05-12
352,130,8,163.5,4,2026-05-21
353,130,35,710.91,1,2026-05-25
354,130,29,575.2,4,2026-06-03
355,131,23,82.01,3,2026-08-16
356,131,21,139.18,2,2026-08-18
357,131,12,195.4,2,2026-08-18
358,132,35,710.91,4,2026-03-11
359,132,18,749.55,1,2026-02-20
360,132,30,992.42,2,2026-02-17
361,133,19,984.16,4,2026-07-27
362,133,4,894.6,2,2026-08-05
363,133,31,702.82,2,2026-07-27
364,133,40,978.41,3,2026-07-18
365,134,37,674.08,4,2026-05-18
366,135,19,984.16,3,2026-02-04
367,135,16,399.43,2,2026-01-30
368,136,36,67.98,4,2026-05-12
369,136,18,749.55,3,2026-05-04
370,136,12,195.4,4,2026-05-24
371,137,39,701.37,1,2026-06-01
372,138,28,418.16,3,2026-03-23
373,138,15,575.14,3,2026-04-04
374,138,14,53.54,4,2026-03-29
375,138,20,445.67,4,2026-04-19
376,139,16,399.43,2,2026-06-29
377,140,35,710.91,4,2026-06-19
378,141,21,139.18,3,2026-05-24
379,142,26,573.66,2,2026-09-30
380,142,33,536.67,1,2026-10-01
381,143,23,82.01,4,2026-02-13
382,143,6,323.12,4,2026-02-20
383,144,39,701.37,3,2026-02-05
384,144,38,90.4,2,2026-02-14
385,144,25,657.02,4,2026-02-21
386,144,7,104.67,2,2026-02-02
387,145,38,90.4,1,2026-04-22
388,145,25,657.02,4,2026-04-22
389,146,18,749.55,3,2026-05-19
390,147,22,860.99,4,2026-07-03
391,147,28,418.16,2,2026-06-26
392,147,20,445.67,2,2026-06-14
393,148,21,139.18,1,2026-02-10
394,148,32,705.54,2,2026-02-19
395,148,20,445.67,4,2026-02-12
396,148,19,984.16,3,2026-02-10
397,149,27,422.01,2,2026-05-07
398,149,40,978.41,3,2026-04-20
399,149,31,702.82,4,2026-04-23
400,149,26,573.66,2,2026-05-11
401,150,30,992.42,3,2026-07-21
402,150,5,45.22,4,2026-07-11
403,151,18,749.55,4,2026-04-15
404,151,20,445.67,4,2026-04-20
405,151,12,195.4,4,2026-04-06
406,151,28,418.16,2,2026-04-29
407,152,2,86.08,1,2026-06-22
408,152,30,992.42,2,2026-06-12
409,153,29,575.2,1,2026-02-25
410,153,18,749.55,3,2026-03-13
411,154,30,992.42,1,2026-07-29
412,154,9,178.74,3,2026-07-19
413,155,4,894.6,4,2026-02-14
414,155,12,195.4,3,2026-02-14
415,155,24,452.76,1,2026-02-23
416,156,34,89.08,1,2026-03-27
417,156,30,992.42,2,2026-04-15
418,156,18,749.55,3,2026-03-26
419,156,13,114.69,4,2026-03-27
420,157,36,67.98,1,2026-03-19
421,157,36,67.98,2,2026-02-27
422,157,24,452.76,4,2026-02-25
423,158,19,984.16,2,2026-04-02
424,158,8,163.5,4,2026-04-13
425,158,27,422.01,2,2026-04-08
426,159,14,53.54,4,2026-03-20
427,159,22,860.99,1,2026-03-20
428,159,14,53.54,3,2026-03-31
429,159,39,701.37,2,2026-03-11
430,160,13,114.69,2,2026-01-29
431,160,14,53.54,2,2026-01-22
432,160,6,323.12,4,2026-02-13
433,160,20,445.67,4,2026-02-05
434,161,26,573.66,3,2026-06-12
435,161,20,445.67,2,2026-06-26
436,161,18,749.55,4,2026-06-10
437,161,11,686.79,1,2026-06-02
438,162,33,536.67,1,2026-03-07
439,162,35,710.91,1,2026-03-10
440,162,29,575.2,4,2026-03-14
441,162,1,895.18,4,2026-03-21
442,163,29,575.2,3,2026-07-01
443,163,16,399.43,1,2026-07-28
444,163,24,452.76,4,2026-07-03
445,164,9,178.74,3,2026-03-28
446,164,23,82.01,4,2026-04-03
447,164,26,573.66,3,2026-03-24
448,164,12,195.4,2,2026-03-29
449,165,13,114.69,1,2026-06-01
450,165,17,878.56,4,2026-05-31
451,165,19,984.16,1,2026-05-24
452,165,37,674.08,2,2026-05-20
453,166,5,45.22,1,2026-04-05
454,166,38,90.4,2,2026-04-05
455,167,40,978.41,1,2026-06-09
456,168,24,452.76,4,2026-01-31
457,169,9,178.74,2,2026-08-29
458,169,39,701.37,1,2026-08-29
459,169,28,418.16,1,2026-09-06
460,169,16,399.43,1,2026-09-12
461,170,30,992.42,3,2026-05-02
462,171,35,710.91,1,2026-06-26
463,171,31,702.82,2,2026-07-16
464,172,35,710.91,4,2026-09-10
465,172,16,399.43,1,2026-09-24
466,172,10,13.97,3,2026-09-14
467,172,38,90.4,3,2026-09-08
468,173,1,895.18,2,2026-06-27
469,173,9,178.74,3,2026-06-11
470,174,22,860.99,4,2026-03-01
471,174,10,13.97,1,2026-03-20
472,174,30,992.42,3,2026-03-08
473,175,9,178.74,1,2026-02-09
474,175,28,418.16,4,2026-02-06
475,175,30,992.42,4,2026-02-06
476,176,3,751.31,3,2026-09-26
477,176,40,978.41,2,2026-10-06
478,176,29,575.2,3,2026-10-01
479,176,34,89.08,2,2026-10-05
480,177,38,90.4,1,2026-08-31
481,178,25,657.02,2,2026-02-12
482,178,18,749.55,2,2026-02-14
483,178,26,573.66,1,2026-02-28
484,179,29,575.2,4,2026-09-20
485,180,32,705.54,2,2026-01-26
486,180,3,751.31,1,2026-01-29
