order_id,customer_id,order_date
1,20,2026-08-02
2,25,2026-02-18
3,51,2026-09-14
4,7,2026-05-31
5,36,2026-07-20
6,8,2026-04-25
7,4,2026-05-14
8,24,2026-02-27
9,15,2026-01-24
10,4,2026-04-22
11,50,2026-07-26
12,49,2026-04-10
13,39,2026-03-14
14,49,2026-07-06
15,30,2026-03-17
16,12,2026-06-03
17,41,2026-03-30
18,19,2026-04-28
19,34,2026-03-22
20,40,2026-08-11
21,50,2026-07-03
22,42,2026-05-08
23,22,2026-03-31
24,3,2026-02-09
25,36,2026-01-10
26,15,2026-06-11
27,9,2026-02-18
28,1,2026-03-01
29,19,2026-09-12
30,51,2026-03-08
31,45,2026-02-26
32,57,2026-01-03
33,34,2026-01-30
34,52,2026-06-03
35,23,2026-06-07
36,46,2026-04-05
37,46,2026-01-04
38,47,2026-04-27
39,48,2026-05-11
40,28,2026-02-23
41,44,2026-06-30
42,47,2026-09-12
43,26,2026-08-24
44,18,2026-04-10
45,25,2026-02-21
46,18,2026-01-10
47,25,2026-03-15
48,21,2026-08-19
49,4,2026-09-08
50,46,2026-01-31
51,51,2026-02-23
52,59,2026-03-14
53,5,2026-05-23
54,54,2026-05-15
55,56,2026-01-23
56,22,2026-05-28
57,59,2026-06-28
58,9,2026-05-01
59,57,2026-09-16
60,39,2026-03-20
61,11,2026-05-08
62,27,2026-04-21
63,51,2026-05-21
64,24,2026-09-04
65,55,2026-03-13
66,46,2026-06-25
67,24,2026-05-31
68,48,2026-03-05
69,55,2026-03-23
70,59,2026-05-07
71,46,2026-02-21
72,32,2026-03-21
73,53,2026-09-04
74,50,2026-01-23
75,59,2026-06-11
76,34,2026-06-26
77,45,2026-06-06
78,23,2026-03-07
79,21,2026-04-30
80,32,2026-03-31
81,13,2026-09-11
82,60,2026-09-22
83,24,2026-06-29
84,56,2026-05-11
85,1,2026-01-24
86,8,2026-09-16
87,34,2026-05-28
88,22,2026-08-30
89,24,2026-01-18
90,51,2026-06-26
91,55,2026-03-11
92,47,2026-08-11
93,48,2026-03-09
94,8,2026-05-07
95,7,2026-01-25
96,36,2026-01-31
97,58,2026-06-14
98,31,2026-05-22
99,33,2026-01-07
100,2,2026-01-22
101,30,2026-01-28
102,41,2026-05-12
103,43,2026-09-13
104,37,2026-07-10
105,57,2026-03-17
106,23,2026-04-06
107,51,2026-06-06
108,55,2026-04-22
109,54,2026-01-08
110,22,2026-06-06
111,8,2026-09-12
112,41,2026-08-20
113,36,2026-01-25
114,54,2026-03-12
115,19,2026-05-24
116,24,2026-02-08
117,42,2026-02-08
118,7,2026-01-27
119,42,2026-01-06
120,36,2026-05-21
121,11,2026-05-31
122,10,2026-04-19
123,32,2026-05-20
124,15,2026-07-29
125,4,2026-03-21
126,29,2026-05-05
127,32,2026-01-17
128,42,2026-05-09
129,41,2026-03-19
130,23,2026-05-08
131,13,2026-07-31
132,23,2026-02-11
133,16,2026-07-15
134,12,2026-04-22
135,47,2026-01-24
136,44,2026-04-24
137,50,2026-05-08
138,60,2026-03-20
139,54,2026-06-08
140,42,2026-05-30
141,48,2026-04-30
142,41,2026-09-10
143,53,2026-02-03
144,13,2026-01-22
145,30,2026-03-27
146,5,2026-05-16
147,53,2026-06-07
148,41,2026-01-23
149,7,2026-04-15
150,32,2026-07-08
151,16,2026-04-01
152,33,2026-05-23
153,23,2026-02-13
154,11,2026-07-07
155,9,2026-02-09
156,25,2026-03-16
157,13,2026-02-19
158,25,2026-03-27
159,21,2026-03-04
160,20,2026-01-19
161,56,2026-05-28
162,25,2026-03-03
163,4,2026-06-28
164,43,2026-03-09
165,41,2026-05-07
166,59,2026-03-30
167,11,2026-05-15
168,43,2026-01-12
169,46,2026-08-18
170,46,2026-04-07
171,22,2026-06-22
172,38,2026-09-05
173,57,2026-05-31
174,57,2026-02-22
175,50,2026-01-15
176,52,2026-09-23
177,50,2026-08-23
178,35,2026-02-08
179,12,2026-08-26
180,21,2026-01-21
