product_id,name,serial_number,stock_quantity,price
1,Sticky Notes,SoB5963841,18,895.18
2,Digital Camera,TyI0346084,68,86.08
3,Smartphone,QTi5579066,4,751.31
4,Laptop,nyz4495975,27,894.6
5,Headphones,RwL9252708,79,45.22
6,Mouse Pad,FJH5304515,64,323.12
7,Bluetooth Speaker,CeF3502525,32,104.67
8,External Hard Drive,oWh7223798,1,163.5
9,Webcam,dEL4499751,97,178.74
10,Desk Organizer,jlF7970095,61,13.97
11,Wireless Mouse,tIv1694370,25,686.79
12,Mini Projector,lYd5136463,45,195.4
13,LED Light Strip,ZkM1801661,89,114.69
14,Gaming Controller,Viq1577593,88,53.54
15,Monitor,tMq6349178,51,575.14
16,Laptop,YCw4967573,95,399.43
17,Travel Adapter,DxW1016668,24,878.56
18,Sticky Notes,LQN8797933,15,749.55
19,Air Purifier,jej0079784,8,984.16
20,Monitor,tpb5147081,22,445.67
21,Digital Camera,yDF4893973,19,139.18
22,Pen Set,DhP0743043,20,860.99
23,Power Bank,OFF8431528,6,82.01
24,Smartwatch,RDn7348261,36,452.76
25,External Hard Drive,YBM8731798,77,657.02
26,Desk Organizer,WWo9973406,84,573.66
27,Extension Cord,WRY7773151,50,422.01
28,Phone Stand,BkN2387814,60,418.16
29,Laptop Stand,NBr4385472,20,575.2
30,Power Bank,pXN6775799,87,992.42
31,Tripod,vKv2576464,60,702.82
32,Notebook,OYX4206204,18,705.54
33,Stapler,ACs6605922,72,536.67
34,Portable Fan,Vbv4281030,93,89.08
35,Smartwatch,mnb0492259,16,710.91
36,Wireless Mouse,VuR2409204,3,67.98
37,USB-C Cable,fBV3937989,26,674.08
38,HDMI Cable,usx0288680,86,90.4
39,Power Bank,nus5511521,87,701.37
40,Backpack,RUe1106075,38,978.41
