supply_id,supplier_id,product_id,cost_per_unit,quantity,arrival_date
1,5,22,456.02,95,2026-02-18
2,5,26,296.47,27,2026-09-01
3,4,12,119.5,55,2026-01-08
4,5,16,241.11,44,2026-01-20
5,2,24,231.69,24,2026-04-22
6,3,32,461.15,45,2026-02-11
7,6,32,383.91,36,2026-07-27
8,4,8,85.76,84,2026-07-06
9,3,11,453.4,73,2026-03-13
10,3,27,265.27,54,2026-06-01
11,2,28,276.74,35,2026-02-01
12,1,26,253.03,93,2026-04-02
13,2,26,343.73,69,2026-06-12
14,2,1,533.73,24,2026-08-14
15,5,10,6.61,52,2026-01-08
16,3,22,404.83,21,2026-01-03
17,2,4,536.0,27,2026-07-07
18,5,1,594.6,34,2026-08-30
19,6,4,412.92,78,2026-07-04
20,1,37,420.67,94,2026-03-04
21,4,22,358.2,68,2026-03-26
22,2,28,187.64,100,2026-06-20
23,6,32,390.59,44,2026-01-12
24,1,37,314.54,64,2026-04-10
25,6,1,579.24,48,2026-01-31
26,5,14,25.52,100,2026-04-17
27,6,36,36.61,96,2026-03-20
28,2,29,233.61,25,2026-01-28
29,1,25,297.95,50,2026-08-30
30,5,39,304.72,63,2026-04-12
31,3,2,34.67,49,2026-08-09
32,3,29,326.83,90,2026-08-07
33,3,3,489.38,70,2026-06-14
34,3,39,355.13,46,2026-04-10
35,4,29,317.62,79,2026-06-13
36,6,29,312.44,46,2026-05-05
37,1,9,106.96,36,2026-07-25
38,3,9,90.79,46,2026-07-17
39,1,18,314.21,37,2026-06-24
40,4,19,440.04,38,2026-04-03
41,4,4,516.31,63,2026-08-12
42,3,29,260.89,91,2026-07-17
43,3,36,47.39,42,2026-03-17
44,4,5,21.8,53,2026-07-22
45,4,11,423.17,47,2026-05-11
46,5,11,413.41,82,2026-05-15
47,4,30,469.47,96,2026-03-31
48,6,11,305.07,76,2026-02-27
49,3,29,380.76,32,2026-04-08
50,1,37,427.15,38,2026-04-25
51,3,5,19.87,60,2026-08-11
52,4,8,67.37,38,2026-04-14
53,2,40,661.49,79,2026-06-25
54,1,40,447.59,26,2026-01-07
55,6,15,280.69,99,2026-07-15
56,5,29,388.03,42,2026-04-25
57,4,27,291.92,76,2026-04-23
58,5,12,90.3,34,2026-07-01
59,5,6,147.22,88,2026-08-14
60,1,26,240.3,55,2026-04-10
61,1,7,69.65,98,2026-01-17
62,1,16,166.39,64,2026-06-08
63,1,9,74.67,45,2026-03-10
64,1,11,282.47,61,2026-02-08
65,4,27,283.07,63,2026-04-24
66,3,24,255.89,37,2026-09-08
67,2,5,21.95,90,2026-09-07
68,2,29,244.69,90,2026-07-11
69,5,16,257.8,52,2026-07-01
70,3,40,497.49,52,2026-08-23
71,3,7,49.93,81,2026-08-16
72,4,4,604.62,56,2026-07-05
73,1,29,391.73,40,2026-04-30
74,4,5,30.64,92,2026-05-25
75,1,22,476.6,62,2026-01-06
76,3,38,46.43,77,2026-05-09
77,3,5,27.88,69,2026-03-19
78,2,19,405.77,82,2026-08-27
79,3,29,290.35,91,2026-09-08
80,5,19,473.61,40,2026-07-08
81,4,16,225.14,95,2026-06-27
82,1,10,8.55,68,2026-05-02
83,3,5,20.24,24,2026-03-01
84,5,10,6.66,76,2026-03-11
85,3,20,211.6,73,2026-09-22
86,2,8,92.59,78,2026-06-25
87,2,9,88.31,27,2026-06-24
88,1,15,374.51,64,2026-05-16
89,4,11,462.9,44,2026-02-21
90,1,18,521.46,24,2026-07-01
91,6,25,428.12,21,2026-04-26
92,4,32,385.7,22,2026-05-20
93,2,39,448.62,46,2026-06-27
94,3,19,605.82,88,2026-07-22
95,5,13,78.73,90,2026-06-06
96,6,6,169.06,88,2026-05-02
97,5,38,49.17,73,2026-01-20
98,4,28,286.71,21,2026-05-29
99,2,26,374.57,42,2026-02-27
100,5,26,383.7,56,2026-01-08
